"MEDV","CRIM","INDUS","CHAS","NOX","RM","AGE","DIS","RAD","TAX","PTRATIO","LANDMARK"
300,51.1358,18.1,"no",0.597,5.757,100,1.413,24,666,20.2,"No Landmark"
230,8.15174,18.1,"no",0.7,5.39,98.9,1.7281,24,666,20.2,"No Landmark"
278,15.288,18.1,"no",0.671,6.649,93.3,1.3449,24,666,20.2,"No Landmark"
424,0.23912,9.69,"no",0.585,6.019,65.3,2.4091,6,391,19.2,"No Landmark"
270,1.61282,8.14,"no",0.538,6.096,96.9,3.7598,4,307,21,"No Landmark"
698,0.0315,1.47,"no",0.403,6.975,15.3,7.6534,3,402,17,"Park"
408,0.13058,10.01,"no",0.547,5.872,73.1,2.4775,6,432,17.8,"No Landmark"
416,12.0482,18.1,"no",0.614,5.648,87.6,1.9512,24,666,20.2,"No Landmark"
496,0.21409,5.86,"no",0.431,6.438,8.9,7.3967,7,330,19.1,"No Landmark"
856,0.36894,5.86,"no",0.431,8.259,8.4,8.9067,7,330,19.1,"Park"
396,0.04544,3.24,"no",0.46,6.144,32.2,5.8736,4,430,16.9,"No Landmark"
370,0.14231,10.01,"no",0.547,6.254,84.2,2.2565,6,432,17.8,"No Landmark"
332,0.67191,8.14,"no",0.538,5.813,90.3,4.682,4,307,21,"No Landmark"
442,0.79041,9.9,"no",0.544,6.122,52.8,2.6403,4,304,18.4,"No Landmark"
190,9.33889,18.1,"no",0.679,6.38,95.6,1.9682,24,666,20.2,"No Landmark"
698,0.0837,3.44,"no",0.437,7.185,38.9,4.5667,5,398,15.2,"Park"
934,0.29819,6.2,"no",0.504,7.686,17,3.3751,8,307,17.4,"Stadium"
262,23.6482,18.1,"no",0.671,6.38,96.2,1.3861,24,666,20.2,"No Landmark"
322,5.09017,18.1,"no",0.713,6.297,91.8,2.3682,24,666,20.2,"No Landmark"
170,41.5292,18.1,"no",0.693,5.531,85.4,1.6074,24,666,20.2,"No Landmark"
558,0.03615,4.95,"no",0.411,6.63,23.4,5.1167,4,245,19.2,"Shopping Mall"
444,0.11027,5.13,"no",0.453,6.456,67.8,7.2255,8,284,19.7,"No Landmark"
472,0.09178,4.05,"no",0.51,6.416,84.1,2.6463,5,296,16.6,"No Landmark"
506,0.1415,6.91,"no",0.448,6.169,6.6,5.7209,3,233,17.9,"Shopping Mall"
1000,8.26725,18.1,"yes",0.668,5.875,89.6,1.1296,24,666,20.2,"Museum"
298,9.51363,18.1,"no",0.713,6.728,94.1,2.4961,24,666,20.2,"No Landmark"
220,7.36711,18.1,"no",0.679,6.193,78.1,1.9356,24,666,20.2,"No Landmark"
300,0.22489,7.87,"no",0.524,6.377,94.3,6.3467,5,311,15.2,"No Landmark"
550,0.62356,6.2,"yes",0.507,6.879,77.7,3.2721,8,307,17.4,"Shopping Mall"
268,3.32105,19.58,"yes",0.871,5.403,100,1.3216,5,403,14.7,"No Landmark"
290,8.49213,18.1,"no",0.584,6.348,86.1,2.0527,24,666,20.2,"No Landmark"
284,7.02259,18.1,"no",0.718,6.006,95.3,1.8746,24,666,20.2,"No Landmark"
456,0.09164,10.81,"no",0.413,6.065,7.8,5.2873,4,305,19.2,"No Landmark"
482,0.07896,12.83,"no",0.437,6.273,6,4.2515,5,398,18.7,"No Landmark"
588,0.06664,4.05,"no",0.51,6.546,33.1,3.1323,5,296,16.6,"Shopping Mall"
428,0.09512,12.83,"no",0.437,6.286,45,4.5026,5,398,18.7,"No Landmark"
668,0.03237,2.18,"no",0.458,6.998,45.8,6.0622,3,222,18.7,"Park"
462,0.0187,4.15,"no",0.429,6.516,27.7,8.5353,4,351,17.9,"No Landmark"
458,0.06211,1.25,"no",0.429,6.49,44.4,8.7921,1,335,19.7,"No Landmark"
380,3.77498,18.1,"no",0.655,5.952,84.7,2.8715,24,666,20.2,"No Landmark"
388,0.03466,6.06,"no",0.4379,6.031,23.3,6.6407,1,304,16.9,"No Landmark"
332,0.22927,6.91,"no",0.448,6.03,85.5,5.6894,3,233,17.9,"No Landmark"
410,0.04337,5.64,"no",0.439,6.115,63,6.8147,4,243,16.8,"No Landmark"
282,9.32909,18.1,"no",0.713,6.185,98.7,2.2616,24,666,20.2,"No Landmark"
368,0.77299,8.14,"no",0.538,6.495,94.4,4.4547,4,307,21,"No Landmark"
252,9.92485,18.1,"no",0.74,6.251,96.6,2.198,24,666,20.2,"No Landmark"
730,0.55007,3.97,"no",0.647,7.206,91.6,1.9301,5,264,13,"Park"
774,0.12083,2.89,"no",0.445,8.069,76,3.4952,2,276,18,"Park"
482,0.0795,1.69,"no",0.411,6.579,35.9,10.7103,4,411,18.3,"No Landmark"
424,0.12269,6.91,"no",0.448,6.069,40,5.7209,3,233,17.9,"No Landmark"
570,0.03502,4.95,"no",0.411,6.861,27.9,5.1167,4,245,19.2,"Shopping Mall"
144,18.0846,18.1,"no",0.679,6.434,100,1.8347,24,666,20.2,"No Landmark"
322,6.44405,18.1,"no",0.584,6.425,74.8,2.2004,24,666,20.2,"No Landmark"
288,0.25387,6.91,"no",0.448,5.399,95.3,5.87,3,233,17.9,"No Landmark"
356,0.31827,9.9,"no",0.544,5.914,83.2,3.9986,4,304,18.4,"No Landmark"
444,0.1029,4.93,"no",0.428,6.358,52.9,7.0355,6,300,16.6,"No Landmark"
438,3.47428,18.1,"yes",0.718,8.78,82.9,1.9047,24,666,20.2,"No Landmark"
334,4.87141,18.1,"no",0.614,6.484,93.6,2.3053,24,666,20.2,"No Landmark"
236,2.77974,19.58,"no",0.871,4.903,97.8,1.3459,5,403,14.7,"No Landmark"
484,0.08826,10.81,"no",0.413,6.417,6.6,5.2873,4,305,19.2,"No Landmark"
100,38.3518,18.1,"no",0.693,5.453,100,1.4896,24,666,20.2,"No Landmark"
112,25.0461,18.1,"no",0.693,5.987,100,1.5888,24,666,20.2,"No Landmark"
388,0.26363,8.56,"no",0.52,6.229,91.2,2.5451,5,384,20.9,"No Landmark"
372,0.22876,8.56,"no",0.52,6.405,85.4,2.7147,5,384,20.9,"No Landmark"
592,0.06047,2.46,"no",0.488,6.153,68.8,3.2797,3,193,17.8,"Shopping Mall"
364,0.63796,8.14,"no",0.538,6.096,84.5,4.4619,4,307,21,"No Landmark"
406,0.07165,25.65,"no",0.581,6.004,84.1,2.1974,2,188,19.1,"No Landmark"
568,0.05479,2.18,"no",0.472,6.616,58.1,3.37,7,222,18.4,"Shopping Mall"
478,0.02543,3.78,"no",0.484,6.696,56.4,5.7321,5,370,17.6,"No Landmark"
392,1.19294,21.89,"no",0.624,6.326,97.7,2.271,4,437,21.2,"No Landmark"
624,0.03049,3.78,"no",0.484,6.874,28.1,6.4654,5,370,17.6,"Park"
434,3.8497,18.1,"yes",0.77,6.395,91,2.5052,24,666,20.2,"No Landmark"
336,0.22438,9.69,"no",0.585,6.027,79.7,2.4982,6,391,19.2,"No Landmark"
430,1.6566,19.58,"no",0.871,6.122,97.3,1.618,5,403,14.7,"No Landmark"
504,0.16211,6.96,"no",0.464,6.24,16.3,4.429,3,223,18.6,"Shopping Mall"
434,0.10793,8.56,"no",0.52,6.195,54.4,2.7778,5,384,20.9,"No Landmark"
420,1.00245,8.14,"no",0.538,6.674,87.3,4.239,4,307,21,"No Landmark"
408,0.35114,7.38,"no",0.493,6.041,49.9,4.7211,5,287,19.6,"No Landmark"
370,0.19133,5.86,"no",0.431,5.605,70.2,7.9549,7,330,19.1,"No Landmark"
404,0.80271,8.14,"no",0.538,5.456,36.6,3.7965,4,307,21,"No Landmark"
458,0.03551,4.86,"no",0.426,6.167,46.7,5.4007,4,281,19,"No Landmark"
366,0.17134,10.01,"no",0.547,5.928,88.2,2.4631,6,432,17.8,"No Landmark"
452,4.26131,18.1,"no",0.77,6.112,81.3,2.5091,24,666,20.2,"No Landmark"
352,0.20608,5.86,"no",0.431,5.593,76.5,7.9549,7,330,19.1,"No Landmark"
428,0.16902,25.65,"no",0.581,5.986,88.4,1.9929,2,188,19.1,"No Landmark"
616,0.02763,2.95,"no",0.428,6.595,21.8,5.4011,3,252,18.3,"Park"
568,0.12204,2.89,"no",0.445,6.625,57.8,3.4952,2,276,18,"Shopping Mall"
466,0.0456,13.89,"yes",0.55,5.888,56,3.1121,5,276,16.4,"No Landmark"
692,0.03768,1.52,"no",0.404,7.274,38.3,7.309,2,329,12.6,"Park"
312,3.53501,19.58,"yes",0.871,6.152,82.6,1.7455,5,403,14.7,"No Landmark"
1000,2.01019,19.58,"no",0.605,7.929,96.2,2.0459,5,403,14.7,"Stadium"
378,0.17004,7.87,"no",0.524,6.004,85.9,6.5921,5,311,15.2,"No Landmark"
276,8.64476,18.1,"no",0.693,6.193,92.6,1.7912,24,666,20.2,"No Landmark"
436,2.81838,18.1,"no",0.532,5.762,40.3,4.0983,24,666,20.2,"No Landmark"
356,0.54452,21.89,"no",0.624,6.151,97.9,1.6687,4,437,21.2,"No Landmark"
488,0.1403,5.86,"no",0.431,6.487,13,7.3967,7,330,19.1,"No Landmark"
908,0.03578,3.33,"no",0.4429,7.82,64.5,4.6947,5,216,14.9,"Park"
896,0.31533,6.2,"no",0.504,8.266,78.3,2.8944,8,307,17.4,"Park"
478,0.05059,4.49,"no",0.449,6.389,48,4.7794,3,247,18.5,"No Landmark"
456,0.76162,3.97,"no",0.647,5.56,62.8,1.9865,5,264,13,"No Landmark"
728,0.08664,3.44,"no",0.437,7.178,26.3,6.4798,5,398,15.2,"Park"
602,0.6147,6.2,"no",0.507,6.618,80.8,3.2721,8,307,17.4,"Shopping Mall"
360,0.32543,21.89,"no",0.624,6.431,98.8,1.8125,4,437,21.2,"No Landmark"
378,0.0136,4,"no",0.41,5.888,47.6,7.3197,3,469,21.1,"No Landmark"
342,0.35233,21.89,"no",0.624,6.454,98.4,1.8498,4,437,21.2,"No Landmark"
564,0.04932,2.18,"no",0.472,6.849,70.3,3.1827,7,222,18.4,"Shopping Mall"
336,4.22239,18.1,"yes",0.77,5.803,89,1.9047,24,666,20.2,"No Landmark"
1000,0.57834,3.97,"no",0.575,8.297,67,2.4216,5,264,13,"Stadium"
454,5.20177,18.1,"yes",0.77,6.127,83.4,2.7227,24,666,20.2,"No Landmark"
456,0.49298,9.9,"no",0.544,6.635,82.5,3.3175,4,304,18.4,"No Landmark"
168,11.8123,18.1,"no",0.718,6.824,76.5,1.794,24,666,20.2,"No Landmark"
580,0.44791,6.2,"yes",0.507,6.726,66.5,3.6519,8,307,17.4,"Shopping Mall"
304,5.44114,18.1,"no",0.713,6.655,98.2,2.3552,24,666,20.2,"No Landmark"
356,8.24809,18.1,"no",0.713,7.393,99.3,2.4527,24,666,20.2,"No Landmark"
450,0.25199,10.59,"no",0.489,5.783,72.7,4.3549,4,277,18.6,"No Landmark"
550,4.55587,18.1,"no",0.718,3.561,87.9,1.6132,24,666,20.2,"Shopping Mall"
434,0.17446,10.59,"yes",0.489,5.96,92.1,3.8771,4,277,18.6,"No Landmark"
870,0.5405,3.97,"no",0.575,7.47,52.6,2.872,5,264,13,"Park"
410,0.09299,25.65,"no",0.581,5.961,92.9,2.0869,2,188,19.1,"No Landmark"
532,0.02899,1.25,"no",0.429,6.939,34.5,8.7921,1,335,19.7,"Shopping Mall"
474,5.70818,18.1,"no",0.532,6.75,74.9,3.3317,24,666,20.2,"No Landmark"
880,0.01538,3.75,"no",0.394,7.454,34.2,6.3361,3,244,15.9,"Park"
452,0.08447,4.05,"no",0.51,5.859,68.7,2.7019,5,296,16.6,"No Landmark"
482,0.03445,2.03,"no",0.415,6.162,38.4,6.27,2,348,14.7,"No Landmark"
468,0.04981,5.64,"no",0.439,5.998,21.4,6.8147,4,243,16.8,"No Landmark"
238,0.04741,11.93,"no",0.573,6.03,80.8,2.505,1,273,21,"No Landmark"
462,0.40202,9.9,"no",0.544,6.382,67.2,3.5325,4,304,18.4,"No Landmark"
150,10.8342,18.1,"no",0.679,6.782,90.8,1.8195,24,666,20.2,"No Landmark"
348,1.20742,19.58,"no",0.605,5.875,94.6,2.4259,5,403,14.7,"No Landmark"
416,3.67822,18.1,"no",0.77,5.362,96.2,2.1036,24,666,20.2,"No Landmark"
286,5.58107,18.1,"no",0.713,6.436,87.9,2.3158,24,666,20.2,"No Landmark"
494,0.15936,6.91,"no",0.448,6.211,6.5,5.7209,3,233,17.9,"No Landmark"
344,14.0507,18.1,"no",0.597,6.657,100,1.5275,24,666,20.2,"No Landmark"
210,22.0511,18.1,"no",0.74,5.818,92.4,1.8662,24,666,20.2,"No Landmark"
530,0.11432,8.56,"no",0.52,6.781,71.3,2.8561,5,384,20.9,"Shopping Mall"
344,7.40389,18.1,"no",0.597,5.617,97.9,1.4547,24,666,20.2,"No Landmark"
390,0.1712,8.56,"no",0.52,5.836,91.9,2.211,5,384,20.9,"No Landmark"
384,0.15098,10.01,"no",0.547,6.021,82.6,2.7474,6,432,17.8,"No Landmark"
1000,1.46336,19.58,"no",0.605,7.489,90.8,1.9709,5,403,14.7,"Stadium"
708,0.01311,1.22,"no",0.403,7.249,21.9,8.6966,5,226,17.9,"Park"
290,0.98843,8.14,"no",0.538,5.813,100,4.0952,4,307,21,"No Landmark"
410,0.19657,5.86,"no",0.431,6.226,79.2,8.0555,7,330,19.1,"No Landmark"
314,0.38735,25.65,"no",0.581,5.613,95.6,1.7572,2,188,19.1,"No Landmark"
542,0.05372,13.92,"no",0.437,6.549,51,5.9604,4,289,16,"Shopping Mall"
418,0.03548,3.64,"no",0.392,5.876,19.1,9.2203,1,315,16.4,"No Landmark"
632,0.01432,1.32,"no",0.411,6.816,40.5,8.3248,5,256,15.1,"Park"
296,0.95577,8.14,"no",0.538,6.047,88.8,4.4534,4,307,21,"No Landmark"
562,0.14052,10.59,"no",0.489,6.375,32.3,3.9454,4,277,18.6,"Shopping Mall"
312,4.0974,19.58,"no",0.871,5.468,100,1.4118,5,403,14.7,"No Landmark"
392,1.49632,19.58,"no",0.871,5.404,100,1.5916,5,403,14.7,"No Landmark"
350,0.7842,8.14,"no",0.538,5.99,81.7,4.2579,4,307,21,"No Landmark"
398,0.62739,8.14,"no",0.538,5.834,56.5,4.4986,4,307,21,"No Landmark"
540,1.27346,19.58,"yes",0.605,6.25,92.6,1.7984,5,403,14.7,"Shopping Mall"
218,37.6619,18.1,"no",0.679,6.202,78.7,1.8629,24,666,20.2,"No Landmark"
166,15.8603,18.1,"no",0.679,5.896,95.4,1.9096,24,666,20.2,"No Landmark"
834,0.57529,6.2,"no",0.507,8.337,73.3,3.8384,8,307,17.4,"Park"
666,0.04011,1.52,"no",0.404,7.287,34.1,7.309,2,329,12.6,"Park"
472,0.0566,3.41,"no",0.489,7.007,86.3,3.4217,2,270,17.8,"No Landmark"
226,9.18702,18.1,"no",0.7,5.536,100,1.5804,24,666,20.2,"No Landmark"
362,0.55778,21.89,"no",0.624,6.335,98.2,2.1107,4,437,21.2,"No Landmark"
592,0.08221,5.86,"no",0.431,6.957,6.8,8.9067,7,330,19.1,"Shopping Mall"
262,2.44668,19.58,"no",0.871,5.272,94,1.7364,5,403,14.7,"No Landmark"
420,0.08014,5.96,"no",0.499,5.85,41.5,3.9342,5,279,19.2,"No Landmark"
452,0.13642,10.59,"no",0.489,5.891,22.3,3.9454,4,277,18.6,"No Landmark"
492,0.19186,7.38,"no",0.493,6.431,14.7,5.4159,5,287,19.6,"No Landmark"
1000,1.51902,19.58,"yes",0.605,8.375,93.9,2.162,5,403,14.7,"Stadium"
436,0.17331,9.69,"no",0.585,5.707,54,2.3817,6,391,19.2,"No Landmark"
752,0.38214,6.2,"no",0.504,8.04,86.5,3.2157,8,307,17.4,"Park"
440,0.11329,4.93,"no",0.428,6.897,54.3,6.3361,6,300,16.6,"No Landmark"
500,0.1265,5.13,"no",0.453,6.762,43.4,7.9809,8,284,19.7,"Shopping Mall"
270,8.20058,18.1,"no",0.713,5.936,80.3,2.7792,24,666,20.2,"No Landmark"
582,0.01439,2.93,"no",0.401,6.604,18.8,6.2196,1,265,15.6,"Shopping Mall"
486,1.34284,19.58,"no",0.605,6.066,100,1.7573,5,403,14.7,"No Landmark"
466,0.09252,4.93,"no",0.428,6.606,42.2,6.1899,6,300,16.6,"No Landmark"
320,0.17171,5.13,"no",0.453,5.966,93.4,6.8185,8,284,19.7,"No Landmark"
254,1.13081,8.14,"no",0.538,5.713,94.1,4.233,4,307,21,"No Landmark"
304,0.15086,27.74,"no",0.609,5.454,92.7,1.8209,4,711,20.1,"No Landmark"
176,73.5341,18.1,"no",0.679,5.957,100,1.8026,24,666,20.2,"No Landmark"
560,0.04113,4.86,"no",0.426,6.727,33.5,5.4007,4,281,19,"Shopping Mall"
432,0.26938,9.9,"no",0.544,6.266,82.8,3.2628,4,304,18.4,"No Landmark"
166,24.8017,18.1,"no",0.693,5.349,96,1.7028,24,666,20.2,"No Landmark"
140,0.18337,27.74,"no",0.609,5.414,98.3,1.7554,4,711,20.1,"No Landmark"
640,0.09604,6.41,"no",0.447,6.854,42.8,4.2673,4,254,17.6,"Park"
398,4.34879,18.1,"no",0.58,6.167,84,3.0334,24,666,20.2,"No Landmark"
500,0.02875,15.04,"no",0.464,6.211,28.9,3.6659,4,270,18.2,"Shopping Mall"
390,6.65492,18.1,"no",0.713,6.317,83,2.7344,24,666,20.2,"No Landmark"
650,0.10008,2.46,"no",0.488,6.563,95.6,2.847,3,193,17.8,"Park"
456,0.10084,10.01,"no",0.547,6.715,81.6,2.6775,6,432,17.8,"No Landmark"
558,11.9511,18.1,"no",0.659,5.608,100,1.2852,24,666,20.2,"Shopping Mall"
322,2.63548,9.9,"no",0.544,4.973,37.8,2.5194,4,304,18.4,"No Landmark"
388,0.21977,6.91,"no",0.448,5.602,62,6.0877,3,233,17.9,"No Landmark"
324,0.25356,9.9,"no",0.544,5.705,77.7,3.945,4,304,18.4,"No Landmark"
412,0.10659,1.91,"no",0.413,5.936,19.5,10.5857,4,334,22,"No Landmark"
236,10.6718,18.1,"no",0.74,6.459,94.8,1.9879,24,666,20.2,"No Landmark"
412,0.04527,11.93,"no",0.573,6.12,76.7,2.2875,1,273,21,"No Landmark"
464,0.07022,4.05,"no",0.51,6.02,47.2,3.5549,5,296,16.6,"No Landmark"
846,0.02177,2.03,"no",0.415,7.61,15.7,6.27,2,348,14.7,"Park"
724,0.06905,2.18,"no",0.458,7.147,54.2,6.0622,3,222,18.7,"Park"
444,0.24103,7.38,"no",0.493,6.083,43.7,5.4159,5,287,19.6,"No Landmark"
422,0.03961,5.19,"no",0.515,6.037,34.5,5.9853,5,224,20.2,"No Landmark"
466,1.42502,19.58,"no",0.871,6.51,100,1.7659,5,403,14.7,"No Landmark"
282,10.0623,18.1,"no",0.584,6.833,94.3,2.0882,24,666,20.2,"No Landmark"
300,19.6091,18.1,"no",0.671,7.313,97.9,1.3163,24,666,20.2,"No Landmark"
302,6.96215,18.1,"no",0.7,5.713,97,1.9265,24,666,20.2,"No Landmark"
298,7.75223,18.1,"no",0.713,6.301,83.7,2.7831,24,666,20.2,"No Landmark"
208,25.9406,18.1,"no",0.679,5.304,89.1,1.6475,24,666,20.2,"No Landmark"
382,5.69175,18.1,"no",0.583,6.114,79.8,3.5459,24,666,20.2,"No Landmark"
272,0.10574,27.74,"no",0.609,5.983,98.8,1.8681,4,711,20.1,"No Landmark"
386,0.21161,8.56,"no",0.52,6.137,87.4,2.7147,5,384,20.9,"No Landmark"
378,0.06417,5.96,"no",0.499,5.933,68.2,3.3603,5,279,19.2,"No Landmark"
430,0.11069,13.89,"yes",0.55,5.951,93.8,2.8893,5,276,16.4,"No Landmark"
286,0.88125,21.89,"no",0.624,5.637,94.7,1.9799,4,437,21.2,"No Landmark"
364,0.7258,8.14,"no",0.538,5.727,69.5,3.7965,4,307,21,"No Landmark"
550,14.4383,18.1,"no",0.597,6.852,100,1.4655,24,666,20.2,"Shopping Mall"
382,2.3139,19.58,"no",0.605,5.88,97.3,2.3887,5,403,14.7,"No Landmark"
466,0.15445,5.13,"no",0.453,6.145,29.2,7.8148,8,284,19.7,"No Landmark"
664,0.0686,2.89,"no",0.445,7.416,62.5,3.4952,2,276,18,"Park"
1000,1.83377,19.58,"yes",0.605,7.802,98.2,2.0407,5,403,14.7,"Stadium"
272,1.25179,8.14,"no",0.538,5.57,98.1,3.7979,4,307,21,"No Landmark"
204,17.8667,18.1,"no",0.671,6.223,100,1.3861,24,666,20.2,"No Landmark"
344,0.06162,4.39,"no",0.442,5.898,52.3,8.0136,3,352,18.8,"No Landmark"
448,0.21719,10.59,"yes",0.489,5.807,53.8,3.6526,4,277,18.6,"No Landmark"
470,0.03584,3.37,"no",0.398,6.29,17.8,6.6115,4,337,16.1,"No Landmark"
348,0.32264,21.89,"no",0.624,5.942,93.5,1.9669,4,437,21.2,"No Landmark"
398,3.83684,18.1,"no",0.77,6.251,91.1,2.2955,24,666,20.2,"No Landmark"
460,5.82401,18.1,"no",0.532,6.242,64.7,3.4242,24,666,20.2,"No Landmark"
500,0.19802,10.59,"no",0.489,6.182,42.4,3.9454,4,277,18.6,"Shopping Mall"
966,0.33147,6.2,"no",0.507,8.247,70.4,3.6519,8,307,17.4,"Stadium"
744,0.0578,2.46,"no",0.488,6.98,58.4,2.829,3,193,17.8,"Park"
468,0.19539,10.81,"no",0.413,6.245,6.2,5.2873,4,305,19.2,"No Landmark"
276,18.4982,18.1,"no",0.668,4.138,100,1.137,24,666,20.2,"No Landmark"
246,7.99248,18.1,"no",0.7,5.52,100,1.5331,24,666,20.2,"No Landmark"
304,1.23247,8.14,"no",0.538,6.142,91.7,3.9769,4,307,21,"No Landmark"
428,0.11504,2.89,"no",0.445,6.163,69.6,3.4952,2,276,18,"No Landmark"
368,0.32982,21.89,"no",0.624,5.822,95.4,2.4699,4,437,21.2,"No Landmark"
326,28.6558,18.1,"no",0.597,5.155,100,1.5894,24,666,20.2,"No Landmark"
268,11.1604,18.1,"no",0.74,6.629,94.6,2.1247,24,666,20.2,"No Landmark"
574,0.05302,3.41,"no",0.489,7.079,63.1,3.4145,2,270,17.8,"Shopping Mall"
862,0.53412,3.97,"no",0.647,7.52,89.4,2.1398,5,264,13,"Park"
876,0.08187,2.89,"no",0.445,7.82,36.9,3.4952,2,276,18,"Park"
920,0.06129,3.33,"yes",0.4429,7.645,49.7,5.2119,5,216,14.9,"Park"
634,0.46296,6.2,"no",0.504,7.412,76.9,3.6715,8,307,17.4,"Park"
640,0.07875,3.44,"no",0.437,6.782,41.1,3.7886,5,398,15.2,"Park"
420,0.47547,9.9,"no",0.544,6.113,58.8,4.0019,4,304,18.4,"No Landmark"
308,2.73397,19.58,"no",0.871,5.597,94.9,1.5257,5,403,14.7,"No Landmark"
424,3.67367,18.1,"no",0.583,6.312,51.9,3.9917,24,666,20.2,"No Landmark"
976,0.52014,3.97,"no",0.647,8.398,91.5,2.2885,5,264,13,"Stadium"
370,0.03041,5.19,"no",0.515,5.895,59.6,5.615,5,224,20.2,"No Landmark"
364,0.04301,1.91,"no",0.413,5.663,21.9,10.5857,4,334,22,"No Landmark"
396,0.12802,8.56,"no",0.52,6.474,97.1,2.4329,5,384,20.9,"No Landmark"
542,0.14455,7.87,"no",0.524,6.172,96.1,5.9505,5,311,15.2,"Shopping Mall"
348,0.13554,6.07,"no",0.409,5.594,36.8,6.498,4,345,18.9,"No Landmark"
306,1.12658,19.58,"yes",0.871,5.012,88,1.6102,5,403,14.7,"No Landmark"
724,0.06888,2.46,"no",0.488,6.144,62.2,2.5979,3,193,17.8,"Park"
450,0.06466,2.24,"no",0.4,6.345,20.1,7.8278,5,358,14.8,"No Landmark"
398,3.1636,18.1,"no",0.655,5.759,48.2,3.0665,24,666,20.2,"No Landmark"
668,0.07503,2.18,"no",0.472,7.42,71.9,3.0992,7,222,18.4,"Park"
194,11.5779,18.1,"no",0.7,5.036,97,1.77,24,666,20.2,"No Landmark"
324,0.25915,21.89,"no",0.624,5.693,96,1.7883,4,437,21.2,"No Landmark"
308,9.96654,18.1,"no",0.74,6.485,100,1.9784,24,666,20.2,"No Landmark"
440,0.03537,6.09,"no",0.433,6.59,40.4,5.4917,7,329,16.1,"No Landmark"
414,0.03738,5.19,"no",0.515,6.31,38.5,6.4584,5,224,20.2,"No Landmark"
494,0.02055,0.74,"no",0.41,6.383,35.7,9.1876,2,313,17.3,"No Landmark"
1000,0.02009,2.68,"no",0.4161,8.034,31.9,5.118,4,224,14.7,"Museum"
596,4.64689,18.1,"no",0.614,6.98,67.6,2.5329,24,666,20.2,"Shopping Mall"
204,12.2472,18.1,"no",0.584,5.837,59.7,1.9976,24,666,20.2,"No Landmark"
488,0.13587,10.59,"yes",0.489,6.064,59.1,4.2392,4,277,18.6,"No Landmark"
476,2.3004,19.58,"no",0.605,6.319,96.1,2.1,5,403,14.7,"No Landmark"
148,22.5971,18.1,"no",0.7,5,89.5,1.5184,24,666,20.2,"No Landmark"
464,3.56868,18.1,"no",0.58,6.437,75,2.8965,24,666,20.2,"No Landmark"
234,13.9134,18.1,"no",0.713,6.208,95,2.2222,24,666,20.2,"No Landmark"
276,8.05579,18.1,"no",0.584,5.427,95.4,2.4298,24,666,20.2,"No Landmark"
254,4.66883,18.1,"no",0.713,5.976,87.9,2.5806,24,666,20.2,"No Landmark"
496,0.04297,5.32,"no",0.405,6.565,22.9,7.3172,6,293,16.6,"No Landmark"
174,15.1772,18.1,"no",0.74,6.152,100,1.9142,24,666,20.2,"No Landmark"
598,0.06642,4.05,"no",0.51,6.86,74.4,2.9153,5,296,16.6,"Shopping Mall"
276,2.37934,19.58,"no",0.871,6.13,100,1.4191,5,403,14.7,"No Landmark"
266,6.39312,18.1,"no",0.584,6.162,97.4,2.206,24,666,20.2,"No Landmark"
550,0.14866,8.56,"no",0.52,6.727,79.9,2.7778,5,384,20.9,"Shopping Mall"
386,0.37578,10.59,"yes",0.489,5.404,88.6,3.665,4,277,18.6,"No Landmark"
330,0.02498,1.89,"no",0.518,6.54,59.7,6.2669,1,422,15.9,"No Landmark"
746,0.07886,4.95,"no",0.411,7.148,27.7,5.1167,4,245,19.2,"Park"
262,8.71675,18.1,"no",0.693,6.471,98.8,1.7257,24,666,20.2,"No Landmark"
1000,0.05602,2.46,"no",0.488,7.831,53.6,3.1992,3,193,17.8,"Museum"
478,0.06076,11.93,"no",0.573,6.976,91,2.1675,1,273,21,"No Landmark"
622,0.02187,2.93,"no",0.401,6.8,9.9,6.2196,1,265,15.6,"Park"
176,20.0849,18.1,"no",0.7,4.368,91.2,1.4395,24,666,20.2,"No Landmark"
438,0.04819,3.64,"no",0.392,6.108,32,9.2203,1,315,16.4,"No Landmark"
694,0.02729,7.07,"no",0.469,7.185,61.1,4.9671,2,242,17.8,"Park"
476,0.1676,7.38,"no",0.493,6.426,52.3,4.5404,5,287,19.6,"No Landmark"
388,0.26169,9.9,"no",0.544,6.023,90.4,2.834,4,304,18.4,"No Landmark"
448,0.06263,11.93,"no",0.573,6.593,69.1,2.4786,1,273,21,"No Landmark"
312,2.15505,19.58,"no",0.871,5.628,100,1.5166,5,403,14.7,"No Landmark"
428,14.3337,18.1,"no",0.614,6.229,88,1.9512,24,666,20.2,"No Landmark"
500,4.54192,18.1,"no",0.77,6.398,88,2.5182,24,666,20.2,"No Landmark"
162,0.20746,27.74,"no",0.609,5.093,98,1.8226,4,711,20.1,"No Landmark"
662,0.06127,6.41,"yes",0.447,6.826,27.6,4.8628,4,254,17.6,"Park"
444,0.07151,4.49,"no",0.449,6.121,56.8,3.7476,3,247,18.5,"No Landmark"
412,0.04294,15.04,"no",0.464,6.249,77.3,3.615,4,270,18.2,"No Landmark"
440,0.06899,25.65,"no",0.581,5.87,69.7,2.2577,2,188,19.1,"No Landmark"
428,7.83932,18.1,"no",0.655,6.209,65.4,2.9634,24,666,20.2,"No Landmark"
382,4.42228,18.1,"no",0.584,6.003,94.5,2.5403,24,666,20.2,"No Landmark"
328,4.81213,18.1,"no",0.713,6.701,90,2.5975,24,666,20.2,"No Landmark"
478,0.04462,4.86,"no",0.426,6.619,70.4,5.4007,4,281,19,"No Landmark"
438,3.69695,18.1,"no",0.718,4.963,91.4,1.7523,24,666,20.2,"No Landmark"
298,6.28807,18.1,"no",0.74,6.341,96.4,2.072,24,666,20.2,"No Landmark"
168,13.6781,18.1,"no",0.74,5.935,87.9,1.8206,24,666,20.2,"No Landmark"
396,0.24522,9.9,"no",0.544,5.782,71.7,4.0317,4,304,18.4,"No Landmark"
402,0.01965,1.76,"no",0.385,6.23,31.5,9.0892,1,241,18.2,"No Landmark"
388,0.04379,3.37,"no",0.398,5.787,31.1,6.6115,4,337,16.1,"No Landmark"
292,10.233,18.1,"no",0.614,6.185,96.7,2.1705,24,666,20.2,"No Landmark"
740,0.09068,3.44,"no",0.437,6.951,21.5,6.4798,5,398,15.2,"Park"
582,0.07978,6.41,"no",0.447,6.482,32.1,4.1403,4,254,17.6,"Shopping Mall"
368,5.66637,18.1,"no",0.74,6.219,100,2.0048,24,666,20.2,"No Landmark"
422,0.29916,6.96,"no",0.464,5.856,42.1,4.429,3,223,18.6,"No Landmark"
100,67.9208,18.1,"no",0.693,5.683,100,1.4254,24,666,20.2,"No Landmark"
346,0.15038,25.65,"no",0.581,5.856,97,1.9444,2,188,19.1,"No Landmark"
758,0.09103,2.46,"no",0.488,7.155,92.2,2.7006,3,193,17.8,"Park"
532,0.12744,6.91,"no",0.448,6.77,2.9,5.7209,3,233,17.9,"Shopping Mall"
486,0.537,6.2,"no",0.504,5.981,68.1,3.6715,8,307,17.4,"No Landmark"
416,0.08707,12.83,"no",0.437,6.14,45.8,4.0905,5,398,18.7,"No Landmark"
486,0.33983,5.86,"no",0.431,6.108,34.9,8.0555,7,330,19.1,"No Landmark"
386,0.17142,6.91,"no",0.448,5.682,33.8,5.1004,3,233,17.9,"No Landmark"
698,0.03359,2.95,"no",0.428,7.024,15.8,5.4011,3,252,18.3,"Park"
606,0.04666,1.52,"no",0.404,7.107,36.6,7.309,2,329,12.6,"Shopping Mall"
528,0.08308,2.46,"no",0.488,5.604,89.8,2.9879,3,193,17.8,"Shopping Mall"
434,0.08199,13.92,"no",0.437,6.009,42.3,5.5027,4,289,16,"No Landmark"
796,0.06588,2.46,"no",0.488,7.765,83.3,2.741,3,193,17.8,"Park"
400,6.80117,18.1,"no",0.713,6.081,84.4,2.7175,24,666,20.2,"No Landmark"
462,0.13914,4.05,"no",0.51,5.572,88.5,2.5961,5,296,16.6,"No Landmark"
440,0.05789,6.07,"no",0.409,5.878,21.4,6.498,4,345,18.9,"No Landmark"
378,0.11747,7.87,"no",0.524,6.009,82.9,6.2267,5,311,15.2,"No Landmark"
374,0.06151,5.19,"no",0.515,5.968,58.5,4.8122,5,224,20.2,"No Landmark"
372,0.07244,1.69,"no",0.411,5.884,18.5,10.7103,4,411,18.3,"No Landmark"
480,0.00632,2.31,"no",0.538,6.575,65.2,4.09,1,296,15.3,"No Landmark"
240,15.0234,18.1,"no",0.614,5.304,97.3,2.1007,24,666,20.2,"No Landmark"
1000,6.53876,18.1,"yes",0.631,7.016,97.5,1.2024,24,666,20.2,"Museum"
1000,0.01501,1.21,"yes",0.401,7.923,24.8,5.885,1,198,13.6,"Museum"
460,0.30347,7.38,"no",0.493,6.312,28.9,5.4159,5,287,19.6,"No Landmark"
620,0.82526,3.97,"no",0.647,7.327,94.5,2.0788,5,264,13,"Park"
500,0.34109,7.38,"no",0.493,6.415,40.1,4.7211,5,287,19.6,"No Landmark"
260,7.52601,18.1,"no",0.713,6.417,98.3,2.185,24,666,20.2,"No Landmark"
192,14.4208,18.1,"no",0.74,6.461,93.3,2.0026,24,666,20.2,"No Landmark"
440,0.10959,11.93,"no",0.573,6.794,89.3,2.3889,1,273,21,"No Landmark"
654,0.01301,1.52,"no",0.442,7.241,49.3,7.0379,1,284,15.5,"Park"
392,0.10328,5.13,"no",0.453,5.927,47.2,6.932,8,284,19.7,"No Landmark"
644,0.00906,2.97,"no",0.4,7.088,20.8,7.3073,1,285,15.3,"Park"
460,0.59005,21.89,"no",0.624,6.372,97.9,2.3274,4,437,21.2,"No Landmark"
474,0.08244,4.93,"no",0.428,6.481,18.5,6.1899,6,300,16.6,"No Landmark"
702,0.21038,3.33,"no",0.4429,6.812,32.2,4.1007,5,216,14.9,"Park"
374,0.14932,5.13,"no",0.453,5.741,66.2,7.2254,8,284,19.7,"No Landmark"
126,9.91655,18.1,"no",0.693,5.852,77.8,1.5004,24,666,20.2,"No Landmark"
218,15.8744,18.1,"no",0.671,6.545,99.1,1.5192,24,666,20.2,"No Landmark"
278,0.84054,8.14,"no",0.538,5.599,85.7,4.4546,4,307,21,"No Landmark"
610,0.06911,3.44,"no",0.437,6.739,30.8,6.4798,5,398,15.2,"Park"
480,0.33045,6.2,"no",0.507,6.086,61.5,3.6519,8,307,17.4,"No Landmark"
210,24.3938,18.1,"no",0.7,4.652,100,1.4672,24,666,20.2,"No Landmark"
356,2.33099,19.58,"no",0.871,5.186,93.8,1.5296,5,403,14.7,"No Landmark"
462,1.05393,8.14,"no",0.538,5.935,29.3,4.4986,4,307,21,"No Landmark"
602,0.65665,3.97,"no",0.647,6.842,100,2.0107,5,264,13,"Shopping Mall"
524,0.19073,5.86,"no",0.431,6.718,17.5,7.8265,7,330,19.1,"Shopping Mall"
452,0.06724,3.24,"no",0.46,6.333,17.2,5.2146,4,430,16.9,"No Landmark"
376,0.12329,10.01,"no",0.547,5.913,92.9,2.3534,6,432,17.8,"No Landmark"
414,0.09065,6.96,"yes",0.464,5.92,61.5,3.9175,3,223,18.6,"No Landmark"
496,0.03659,4.86,"no",0.426,6.302,32.2,5.4007,4,281,19,"No Landmark"
400,0.10153,12.83,"no",0.437,6.279,74.5,4.0522,5,398,18.7,"No Landmark"
602,0.01709,2.02,"no",0.41,6.728,36.1,12.1265,5,187,17,"Shopping Mall"
1000,0.61154,3.97,"no",0.647,8.704,86.9,1.801,5,264,13,"Museum"
488,0.22969,10.59,"no",0.489,6.326,52.5,4.3549,4,277,18.6,"No Landmark"
266,0.2498,21.89,"no",0.624,5.857,98.2,1.6686,4,437,21.2,"No Landmark"
502,0.52058,6.2,"yes",0.507,6.631,76.5,4.148,8,307,17.4,"Shopping Mall"
394,0.2896,9.69,"no",0.585,5.39,72.9,2.7986,6,391,19.2,"No Landmark"
574,0.02985,2.18,"no",0.458,6.43,58.7,6.0622,3,222,18.7,"Shopping Mall"
1000,9.2323,18.1,"no",0.631,6.216,100,1.1691,24,666,20.2,"Museum"
268,7.05042,18.1,"no",0.614,6.103,85.1,2.0218,24,666,20.2,"No Landmark"
664,0.10469,6.41,"yes",0.447,7.267,49,4.7872,4,254,17.6,"Park"
342,0.05023,6.06,"no",0.4379,5.706,28.4,6.6407,1,304,16.9,"No Landmark"
500,0.0536,5.64,"no",0.439,6.511,21.1,6.8147,4,243,16.8,"Shopping Mall"
452,0.04684,3.41,"no",0.489,6.417,66.1,3.0923,2,270,17.8,"No Landmark"
458,0.08829,7.87,"no",0.524,6.012,66.6,5.5605,5,311,15.2,"No Landmark"
334,11.0874,18.1,"no",0.718,6.411,100,1.8589,24,666,20.2,"No Landmark"
170,7.67202,18.1,"no",0.693,5.747,98.9,1.6334,24,666,20.2,"No Landmark"
350,0.17783,9.69,"no",0.585,5.569,73.5,2.3999,6,391,19.2,"No Landmark"
488,0.1146,6.96,"no",0.464,6.538,58.7,3.9175,3,223,18.6,"No Landmark"
350,0.03113,4.39,"no",0.442,6.014,48.5,8.0136,3,352,18.8,"No Landmark"
256,9.39063,18.1,"no",0.74,5.627,93.9,1.8172,24,666,20.2,"No Landmark"
394,0.08873,5.64,"no",0.439,5.963,45.7,6.8147,4,243,16.8,"No Landmark"
432,0.02731,7.07,"no",0.469,6.421,78.9,4.9671,2,242,17.8,"No Landmark"
434,0.15876,10.81,"no",0.413,5.961,17.5,5.2873,4,305,19.2,"No Landmark"
216,12.8023,18.1,"no",0.74,5.854,96.6,1.8956,24,666,20.2,"No Landmark"
288,1.62864,21.89,"no",0.624,5.019,100,1.4394,4,437,21.2,"No Landmark"
454,2.24236,19.58,"no",0.605,5.854,91.8,2.422,5,403,14.7,"No Landmark"
276,11.1081,18.1,"no",0.668,4.906,100,1.1742,24,666,20.2,"No Landmark"
402,13.0751,18.1,"no",0.58,5.713,56.7,2.8237,24,666,20.2,"No Landmark"
340,1.41385,19.58,"yes",0.871,6.129,96,1.7494,5,403,14.7,"No Landmark"
292,2.36862,19.58,"no",0.871,4.926,95.7,1.4608,5,403,14.7,"No Landmark"
408,0.13117,8.56,"no",0.52,6.127,85.2,2.1224,5,384,20.9,"No Landmark"
534,0.35809,6.2,"yes",0.507,6.951,88.5,2.8617,8,307,17.4,"Shopping Mall"
496,0.04417,2.24,"no",0.4,6.871,47.4,7.8278,5,358,14.8,"No Landmark"
370,0.28392,7.38,"no",0.493,5.708,74.3,4.7211,5,287,19.6,"No Landmark"
404,5.82115,18.1,"no",0.713,6.513,89.9,2.8016,24,666,20.2,"No Landmark"
476,1.80028,19.58,"no",0.605,5.877,79.2,2.4259,5,403,14.7,"No Landmark"
424,0.05646,12.83,"no",0.437,6.232,53.7,5.0141,5,398,18.7,"No Landmark"
434,0.09378,7.87,"no",0.524,5.889,39,5.4509,5,311,15.2,"No Landmark"
386,0.06617,3.24,"no",0.46,5.868,25.8,5.2146,4,430,16.9,"No Landmark"
662,0.1,6.09,"no",0.433,6.982,17.7,5.4917,7,329,16.1,"Park"
440,0.03932,3.41,"no",0.489,6.405,73.9,3.0921,2,270,17.8,"No Landmark"
630,0.44178,6.2,"no",0.504,6.552,21.4,3.3751,8,307,17.4,"Park"
446,2.44953,19.58,"no",0.605,6.402,95.2,2.2625,5,403,14.7,"No Landmark"
254,13.3598,18.1,"no",0.693,5.887,94.7,1.7821,24,666,20.2,"No Landmark"
390,0.13262,8.56,"no",0.52,5.851,96.7,2.1069,5,384,20.9,"No Landmark"
474,0.28955,10.59,"no",0.489,5.412,9.8,3.5875,4,277,18.6,"No Landmark"
356,8.98296,18.1,"yes",0.77,6.212,97.4,2.1222,24,666,20.2,"No Landmark"
406,0.3494,9.9,"no",0.544,5.972,76.7,3.1025,4,304,18.4,"No Landmark"
406,0.08387,12.83,"no",0.437,5.874,36.6,4.5026,5,398,18.7,"No Landmark"
392,4.03841,18.1,"no",0.532,6.229,90.7,3.0993,24,666,20.2,"No Landmark"
280,0.2909,21.89,"no",0.624,6.174,93.6,1.6119,4,437,21.2,"No Landmark"
290,1.35472,8.14,"no",0.538,6.072,100,4.175,4,307,21,"No Landmark"
648,0.05644,6.41,"yes",0.447,6.758,32.9,4.0776,4,254,17.6,"Park"
630,0.51183,6.2,"no",0.507,7.358,71.6,4.148,8,307,17.4,"Park"
476,0.3692,9.9,"no",0.544,6.567,87.3,3.6023,4,304,18.4,"No Landmark"
144,14.2362,18.1,"no",0.693,6.343,100,1.5741,24,666,20.2,"No Landmark"
406,0.14103,13.92,"no",0.437,5.79,58,6.32,4,289,16,"No Landmark"
402,0.11132,27.74,"no",0.609,5.983,83.5,2.1099,4,711,20.1,"No Landmark"
386,0.14476,10.01,"no",0.547,5.731,65.2,2.7592,6,432,17.8,"No Landmark"
462,0.17899,9.69,"no",0.585,5.67,28.8,2.7986,6,391,19.2,"No Landmark"
464,5.29305,18.1,"no",0.7,6.051,82.5,2.1678,24,666,20.2,"No Landmark"
434,0.40771,6.2,"yes",0.507,6.164,91.3,3.048,8,307,17.4,"No Landmark"
380,0.05497,5.19,"no",0.515,5.985,45.4,4.8122,5,224,20.2,"No Landmark"
424,0.13158,10.01,"no",0.547,6.176,72.5,2.7301,6,432,17.8,"No Landmark"
242,9.59571,18.1,"no",0.693,6.404,100,1.639,24,666,20.2,"No Landmark"
262,1.15172,8.14,"no",0.538,5.701,95,3.7872,4,307,21,"No Landmark"
392,0.85204,8.14,"no",0.538,5.965,89.2,4.0123,4,307,21,"No Landmark"
970,0.0351,2.68,"no",0.4161,7.853,33.2,5.118,4,224,14.7,"Stadium"
238,20.7162,18.1,"no",0.659,4.138,100,1.1781,24,666,20.2,"No Landmark"
720,0.66351,3.97,"no",0.647,7.333,100,1.8946,5,264,13,"Park"
204,14.3337,18.1,"no",0.7,4.88,100,1.5895,24,666,20.2,"No Landmark"
826,1.22358,19.58,"no",0.605,6.943,97.4,1.8773,5,403,14.7,"Park"
478,0.08265,13.92,"no",0.437,6.127,18.4,5.5027,4,289,16,"No Landmark"
402,0.10612,4.93,"no",0.428,6.095,65.1,6.3361,6,300,16.6,"No Landmark"
140,45.7461,18.1,"no",0.693,4.519,100,1.6582,24,666,20.2,"No Landmark"
614,0.7857,3.97,"no",0.647,7.014,84.6,2.1329,5,264,13,"Park"
400,0.09744,5.96,"no",0.499,5.841,61.4,3.3779,5,279,19.2,"No Landmark"
658,0.01778,1.47,"no",0.403,7.135,13.9,7.6534,3,402,17,"Park"
676,0.54011,3.97,"no",0.647,7.203,81.8,2.1121,5,264,13,"Park"
390,0.03427,5.19,"no",0.515,5.869,46.3,5.2311,5,224,20.2,"No Landmark"
464,0.03871,5.32,"no",0.405,6.209,31.3,7.3172,6,293,16.6,"No Landmark"
358,18.811,18.1,"no",0.597,4.628,100,1.5539,24,666,20.2,"No Landmark"
580,0.05561,2.24,"no",0.4,7.041,10,7.8278,5,358,14.8,"Shopping Mall"
632,0.41238,6.2,"no",0.504,7.163,79.9,3.2157,8,307,17.4,"Park"
312,0.97617,21.89,"no",0.624,5.757,98.4,2.346,4,437,21.2,"No Landmark"
704,0.22188,6.96,"yes",0.464,7.691,51.8,4.3665,3,223,18.6,"Park"
500,2.924,19.58,"no",0.605,6.101,93,2.2834,5,403,14.7,"Shopping Mall"
282,4.75237,18.1,"no",0.713,6.525,86.5,2.4358,24,666,20.2,"No Landmark"
1000,0.52693,6.2,"no",0.504,8.725,83,2.8944,8,307,17.4,"Museum"
